SellingPrice,SellingPrice2020(inflation),ListingPrice, Days on Market , ZIP , Street Full Address , Subdivision Display , Zoning , Bedrooms , Bathrooms , SqFt , Year Built , Garage , Price_Per_SqFt 
149000,156016,152500, 79 ," 68,502 "," 3241 E Summit Blvd, Lincoln, NE 68502 ",, R1 , 3 , 1.00 ," 1,242.00 "," 1,952 ", 1.00 , 119.97 
150000,157064,165000, 64 ," 68,506 "," 5221 Melrose, Lincoln, NE 68506 ",, R1 , 2 , 1.75 ," 1,120.00 "," 1,976 ", 2.00 , 133.93 
132000,138216,127000, 15 ," 68,506 "," 1720 Crestline Dr, Lincoln, NE 68506 ",, R1 , 3 , 1.75 ," 1,170.00 "," 1,956 ", 1.00 , 112.82 
165000,172770,170000, 72 ," 68,502 "," 2539 Woods Blvd, Lincoln, NE 68502 ",, R1 , 3 , 1.25 ," 1,622.00 "," 1,958 ", 1.00 , 101.73 
87000,91097,87000, 34 ," 68,506 "," 3264 Normal Blvd, Lincoln, NE 68506 ",, R1 , 2 , 1.75 , 847.00 ," 1,950 ", -   , 102.72 
124900,130782,124900, 42 ," 68,507 "," 3025 N 60th St, Lincoln, NE 68507 ",, R1 , 3 , 1.00 ," 1,428.00 "," 1,953 ", 1.00 , 87.47 
105600,110573,104900, 78 ," 68,524 "," 3600 NW Michael, Lincoln, NE 68524 ",, R1 , 3 , 1.00 ," 1,201.00 "," 1,955 ", 1.00 , 87.27 
162000,169629,160000, 44 ," 68,512 "," 4806 Tipperary Trl, Lincoln, NE 68512 ",, R1 , 3 , 1.75 , 840.00 ," 1,971 ", 1.00 , 192.86 
128000,134028,128000, 47 ," 68,521 "," 3510 N Miller Rd, Lincoln, NE 68521-2763 ",, R1 , 1 , 2.00 , 792.00 ," 1,985 ", 1.00 , 161.62 
83500,87432,97500, 100 ," 68,510 "," 4320 E, Lincoln, NE 68510 ",, R1 , 2 , 1.00 , 672.00 ," 1,952 ", -   , 124.26 
144900,151723,144900, 81 ," 68,510 "," 7315 Englewood Dr, Lincoln, NE 68510 ",, R1 , 3 , 1.50 , 980.00 ," 1,963 ", 1.00 , 147.86 
115000,120415,115000, 56 ," 68,506 "," 2829 S 34th St, Lincoln, NE 68506 ",, R1 , 2 , 1.00 ," 1,134.00 "," 1,952 ", 1.00 , 101.41 
150500,157587,149900, 36 ," 68,504 "," 3400 N 53rd St, Lincoln, NE 68504 ",, R1 , 3 , 1.75 , 775.00 ," 1,955 ", 1.00 , 194.19 
115000,120415,110000, 32 ," 68,505 "," 7049 Dudley St, Lincoln, NE 68505 ",, R1 , 2 , 1.75 , 792.00 ," 1,961 ", 1.00 , 145.20 
147355,154294,159500, 63 ," 68,505 "," 600 Trail Ridge Rd, Lincoln, NE 68505 ",, R1 , 3 , 1.50 ," 1,412.00 "," 1,963 ", 2.00 , 104.36 
165000,177754,164900, 31 ," 68,506 "," 2717 Anderson Dr, Lincoln, NE 68506 ",, R1 , 3 , 2.00 ," 1,370.00 "," 1,958 ", 1.00 , 120.44 
145000,151828,149950, 36 ," 68,512 "," 5809 Berkeley Dr #7, Lincoln, NE 68512 ",, R1 , 2 , 2.25 ," 1,196.00 "," 1,982 ", 1.00 , 121.24 
130000,136122,130000, 102 ," 68,521 "," 167 Laramie Trl, Lincoln, NE 68521 ",, R1 , 2 , 1.50 , 816.00 ," 1,979 ", 1.00 , 159.31 
133000,139263,131700, 44 ," 68,521 "," 4521 Lewis Ave, Lincoln, NE 68521 ",, R1 , 3 , 1.75 , 948.00 ," 1,973 ", -   , 140.30 
91000,95285,93000, 60 ," 68,502 "," 1301 S 7th St, Lincoln, NE 68502 ",, R1 , 2 , 1.50 , 869.00 ," 1,900 ", 1.00 , 104.72 
83000,86909,89900, 101 ," 68,504 "," 1000 N 52, Lincoln, NE 68504 ",, R1 , 2 , 1.00 , 720.00 ," 1,959 ", 1.00 , 115.28 
152500,159681,159900, 105 ," 68,521 "," 409 W Belmont Ave, Lincoln, NE 68521 ",, R1 , 4 , 2.50 ," 1,092.00 "," 2,006 ", 2.00 , 139.65 
130000,136122,131900, 104 ," 68,502 "," 2727 Sumner St, Lincoln, NE 68502 ",, R1 , 3 , 2.00 ," 1,185.00 "," 1,925 ", -   , 109.70 
158000,165440,164000, 106 ," 68,516 "," 4402 Waterbury Ln, Lincoln, NE 68516 ",, R1 , 2 , 2.00 ," 1,612.00 "," 1,977 ", 2.00 , 98.01 
153000,160205,153000, 51 ," 68,510 "," 3851 D St, Lincoln, NE 68510 ",, R1 , 3 , 1.50 , 916.00 ," 1,947 ", 1.00 , 167.03 
135000,145435,129900, 32 ," 68,521 "," 3446 N Miller Rd, Lincoln, NE 68521 ",, R1 , 2 , 1.75 , 876.00 ," 1,985 ", 1.00 , 154.11 
153000,160205,150000, 82 ," 68,510 "," 601 Eldon Dr, Lincoln, NE 68510 ",, R1 , 3 , 1.50 ," 1,092.00 "," 1,953 ", 1.50 , 140.11 
110000,118503,114900, 18 ," 68,510 "," 800 S 32nd St, Lincoln, NE 68510 ",, R1 , 3 , 1.75 ," 1,774.00 "," 1,940 ", 2.00 , 62.01 
143900,155023,143900, 30 ," 68,510 "," 3942 Washington, Lincoln, NE 68510 ",, R1 , 2 , 1.00 , 978.00 ," 1,900 ", 1.00 , 147.14 
165000,172770,165000, 68 ," 68,521 "," 220 Groveland St, Lincoln, NE 68521 ",, R1 , 2 , 3.00 ," 1,134.00 "," 1,992 ", 2.00 , 145.50 
145015,156224,144900, 37 ," 68,502 "," 2547 Kessler Blvd, Lincoln, NE 68502 ",, R1 , 3 , 1.75 ," 1,305.00 "," 1,956 ", -   , 111.12 
108000,116348,110000, 50 ," 68,503 "," 3062 U St, Lincoln, NE 68503 ",, R1 , 2 , 1.00 , 784.00 ," 1,910 ", -   , 137.76 
78000,84029,79900, 21 ," 68,503 "," 1535 N 28th St, Lincoln, NE 68503 ",, R1 , 2 , 1.00 , 712.00 ," 1,900 ", -   , 109.55 
159900,172260,159900, 24 ," 68,506 "," 4034 Garfield St, Lincoln, NE 68506 ",, R1 , 2 , 1.75 , 864.00 ," 1,947 ", 1.00 , 185.07 
143000,154054,149900, 45 ," 68,506 "," 3121 S 52nd St, Lincoln, NE 68506 ",, R1 , 3 , 2.00 ," 1,201.00 "," 1,975 ", 2.00 , 119.07 
149900,161487,149900, 35 ," 68,510 "," 1200 S 56th St, Lincoln, NE 68510 ",, R1 , 3 , 1.50 ," 1,150.00 "," 1,959 ", 2.00 , 130.35 
142000,152976,138000, 55 ," 68,510 "," 3824 Randolph St, Lincoln, NE 68510 ",, R1 , 3 , 1.00 ," 1,222.00 "," 1,925 ", 2.00 , 116.20 
109500,114656,113800, 119 ," 68,504 "," 2910 N 45th St, Lincoln, NE 68504 ",, R1 , 3 , 1.00 , 672.00 ," 1,955 ", 1.50 , 162.95 
145000,156208,147500, 20 ," 68,524 "," 2632 NW Chambers Dr, Lincoln, NE 68524 ",, R1 , 2 , 1.75 , 779.00 ," 2,006 ", 2.00 , 186.14 
164900,177647,164900, 48 ," 68,510 "," 1131 S 84th St, Lincoln, NE 68510 ",, R1 , 3 , 1.75 ," 1,040.00 "," 1,977 ", 2.00 , 158.56 
159000,171291,159000, 46 ," 68,522 "," 1800 Glynn Cir, Lincoln, NE 68522 ",, R1 , 3 , 1.75 , 924.00 ," 1,986 ", 2.00 , 172.08 
125000,134662,125000, 34 ," 68,505 "," 6716 Aylesworth Ave, Lincoln, NE 68505 ",, R1 , 2 , 1.00 , 762.00 ," 1,950 ", 1.50 , 164.04 
147500,158902,138900, 34 ," 68,502 "," 2590 Woodsdale Blvd, Lincoln, NE 68502 ",, R1 , 2 , 1.75 ," 1,210.00 "," 1,940 ", 1.00 , 121.90 
162000,174522,159900, 12 ," 68,506 "," 6820 South St, Lincoln, NE 68506 ",, R1 , 3 , 2.25 ," 1,485.00 "," 1,963 ", 2.00 , 109.09 
159000,171291,164750, 50 ," 68,506 "," 5929 Cullen Dr, Lincoln, NE 68506 ",, R1 , 3 , 1.75 ," 1,118.00 "," 1,957 ", 1.00 , 142.22 
155000,166981,159900, 51 ," 68,510 "," 434 S 52 St, Lincoln, NE 68510 ",, R1 , 3 , 1.75 , 816.00 ," 1,954 ", 1.00 , 189.95 
127000,136817,139500, 54 ," 68,521 "," 419 Bridger Rd, Lincoln, NE 68521 ",, R1 , 3 , 1.50 , 900.00 ," 1,980 ", 1.00 , 141.11 
102500,110423,102500, 33 ," 68,506 "," 4045 S 52nd St, Lincoln, NE 68506 ",, R1 , 2 , 1.00 , 952.00 ," 1,928 ", -   , 107.67 
152000,163749,156950, 72 ," 68,506 "," 4110 S 36 St, Lincoln, NE 68506 ",, R1 , 3 , 1.75 ," 1,002.00 "," 1,962 ", 1.00 , 151.70 
50000,53865,54900, 16 ," 68,502 "," 1207 Saratoga Ave, Lincoln, NE 68502 ",, R1 , 4 , 1.50 ," 1,540.00 "," 1,900 ", -   , 32.47 
147000,153922,149750, 104 ," 68,516 "," 4510 S 54 St, Lincoln, NE 68516 ",, R1 , 3 , 1.50 ," 1,107.00 "," 1,961 ", 1.50 , 132.79 
166000,178832,167500, 57 ," 68,521 "," 2930 NW 8th St, Lincoln, NE 68521-4618 ",, R1 , 3 , 1.75 , 975.00 ," 1,994 ", 2.00 , 170.26 
152000,163749,145000, 30 ," 68,506 "," 4441 S 49th St, Lincoln, NE 68506 ",, R1 , 4 , 2.50 ," 1,276.00 "," 1,900 ", -   , 119.12 
31000,33396,31000, 11 ," 68,508 "," 1630 H St #6B, Lincoln, NE 68508 ",, R1 , 1 , 1.00 , 500.00 ," 1,927 ", -   , 62.00 
100200,107945,95500, 30 ," 68,505 "," 7140 Colby St, Lincoln, NE 68505 ",, R1 , 2 , 2.00 , 840.00 ," 1,965 ", 1.00 , 119.29 
145000,156208,145000, 45 ," 68,521 "," 4020 N 12th St, Lincoln, NE 68521 ",, R1 , 3 , 2.00 , 900.00 ," 1,961 ", 2.00 , 161.11 
125250,134932,137900, 55 ," 68,510 "," 728 Eldon Dr, Lincoln, NE 68510 ",, R1 , 2 , 1.50 ," 1,056.00 "," 1,954 ", 1.50 , 118.61 
136000,146513,136000, 35 ," 68,521 "," 6161 NW 9th st, Lincoln, NE 68521 ",, R1 , 4 , 1.00 ," 1,028.00 "," 1,979 ", 2.00 , 132.30 
130000,140049,130000, 40 ," 68,521 "," 4130 N 23rd St, Lincoln, NE 68521 ",, R1 , 3 , 1.75 ," 1,068.00 "," 1,977 ", 2.00 , 121.72 
54500,58713,58500, 56 ," 68,507 "," 3126 N Cotner Blvd, Lincoln, NE 68507 ",, R1 , 2 , 1.00 , 720.00 ," 1,946 ", -   , 75.69 
134500,144897,143900, 41 ," 68,516 "," 4631 Gertie Ave, Lincoln, NE 68516 ",, R1 , 3 , 1.75 , 886.00 ," 1,971 ", 1.00 , 151.81 
105000,113116,104999, 42 ," 68,521 "," 3929 N 12th St, Lincoln, NE 68521 ",, R1 , 2 , 1.00 , 768.00 ," 1,956 ", 1.50 , 136.72 
165000,177754,165000, 42 ," 68,526 "," 8848 Sicily Ln, Lincoln, NE 68526 ",, R1 , 3 , 2.25 ," 1,739.00 "," 2,004 ", 2.00 , 94.88 
77000,82952,79500, 44 ," 68,503 "," 1436 N 23 St, Lincoln, NE 68503 ",, R1 , 2 , 1.00 , 858.00 ," 1,905 ", -   , 89.74 
139900,150714,139900, 50 ," 68,506 "," 5400 Sumner, Lincoln, NE 68506 ",, R1 , 3 , 1.75 , 942.00 ," 1,952 ", 1.50 , 145.43 
160000,172368,175000, 63 ," 68,512 "," 2501 Jameson N, Lincoln, NE 68512 ",, R1 , 3 , 2.25 ," 1,492.00 "," 1,974 ", 3.50 , 107.24 
158500,170752,159999, 87 ," 68,516 "," 4920 S 47th St, Lincoln, NE 68516 ",, R1 , 4 , 2.00 ," 1,061.00 "," 1,968 ", 2.00 , 149.39 
162000,174522,162000, 40 ," 68,521 "," 3231 N 3rd St, Lincoln, NE 68521 ",, R1 , 3 , 1.75 , 988.00 ," 1,994 ", 2.50 , 163.97 
155000,166981,159900, 19 ," 68,510 "," 1235 Eastridge Dr, Lincoln, NE 68510 ",, R1 , 3 , 2.25 ," 1,344.00 "," 1,958 ", 2.00 , 115.33 
160000,172368,159000, 33 ," 68,502 "," 1655 Harrison Ave, Lincoln, NE 68502 ",, R1 , 3 , 1.75 , 789.00 ," 1,936 ", 1.00 , 202.79 
140000,150822,140000, 37 ," 68,516 "," 5905 locust, Lincoln, NE 68516 ",, R1 , 3 , 1.75 ," 1,429.00 "," 1,976 ", 2.00 , 97.97 
148000,159440,148000, 31 ," 68,506 "," 4117 Washington St, Lincoln, NE 68506 ",, R1 , 1 , 1.50 , 864.00 ," 1,947 ", 1.00 , 171.30 
160000,172368,164900, 63 ," 68,522 "," 1859 SW 26 St, Lincoln, NE 68522 ",, R1 , 3 , 1.75 , 976.00 ," 2,004 ", 2.00 , 163.93 
118525,127687,124900, 73 ," 68,507 "," 5729 Gladstone St, Lincoln, NE 68507 ",, R1 , 2 , 1.25 , 775.00 ," 1,952 ", 1.00 , 152.94 
158500,170752,155000, 39 ," 68,505 "," 2128 N 67th St, Lincoln, NE 68505 ",, R1 , 4 , 2.00 ," 2,024.00 "," 1,920 ", 2.00 , 78.31 
130000,140049,130000, 61 ," 68,506 "," 4911 Hillside St, Lincoln, NE 68506 ",, R1 , 2 , 1.00 , 768.00 ," 1,958 ", 1.00 , 169.27 
62000,66793,65000, 21 ," 68,502 "," 670 W C St, Lincoln, NE 68502 ",, R1 , 3 , 1.75 ," 1,299.00 "," 1,910 ", 4.00 , 49.36 
160000,172368,159900, 56 ," 68,524 "," 3820 Castle Cir, Lincoln, NE 68524 ",, R1 , 3 , 1.75 ," 1,869.00 "," 1,957 ", 1.00 , 85.61 
165000,177754,169950, 84 ," 68,522 "," 3005 W Kyle Ln, Lincoln, NE 68522 ",, R1 , 3 , 2.50 ," 1,385.00 "," 2,005 ", 2.00 , 119.13 
119900,129168,119900, 49 ," 68,510 "," 4221 Randolph, Lincoln, NE 68510 ",, R1 , 2 , 1.25 , 978.00 ," 1,928 ", 1.00 , 122.60 
140000,146593,145000, 163 ," 68,506 "," 3929 Sheridan Blvd, Lincoln, NE 68506 ",, R1 , 4 , 2.00 , 884.00 ," 1,926 ", -   , 158.37 
129000,138972,129000, 30 ," 68,506 "," 5444 Pioneers Blvd, Lincoln, NE 68506 ",, R1 , 2 , 1.00 , 900.00 ," 1,991 ", -   , 143.33 
113000,121735,115000, 31 ," 68,505 "," 7930 Steinway Rd, Lincoln, NE 68505 ",, R1 , 3 , 1.75 ," 1,080.00 "," 1,965 ", 1.00 , 104.63 
117500,126583,119900, 63 ," 68,503 "," 3029 S St, Lincoln, NE 68503 ",, R1 , 5 , 2.00 ," 1,279.00 "," 1,900 ", -   , 52.71 
140000,150822,149900, 29 ," 68,506 "," 2523 Winding Way, Lincoln, NE 68506 ",, R1 , 2 , 2.25 ," 1,767.00 "," 1,979 ", 1.00 , 89.34 
60000,64638,64990, 22 ," 68,503 "," 1640 N 21 St, Lincoln, NE 68503 ",, R1 , 2 , 1.00 , 816.00 ," 1,915 ", -   , 73.53 
142500,153515,142500, 42 ," 68,502 "," 2118 Lake St, Lincoln, NE 68502 ",, R1 , 3 , 1.50 ," 1,240.00 "," 1,922 ", 1.00 , 114.92 
140000,150822,145500, 95 ," 68,502 "," 4001 S 20th St, Lincoln, NE 68502 ",, R1 , 2 , 1.75 ," 1,079.00 "," 1,954 ", 1.00 , 129.75 
106000,114194,117000, 25 ," 68,507 "," 1425 Meadow Dale Dr, Lincoln, NE 68507 ",, R1 , 3 , 1.75 ," 1,035.00 "," 1,960 ", 1.00 , 102.42 
90000,96957,95000, 49 ," 68,506 "," 4000 S 56th St #101A, Lincoln, NE 68506 ",, R1 , 2 , 1.75 ," 1,039.00 "," 1,972 ", -   , 86.62 
164150,176839,169900, 53 ," 68,510 "," 615 Elmwood Ave, Lincoln, NE 68510 ",, R1 , 3 , 2.25 ," 1,728.00 "," 1,915 ", -   , 95.16 
155000,166981,157500, 59 ," 68,504 "," 811 Santa Monica Ave, Lincoln, NE 68504 ",, R1 , 3 , 1.50 ," 1,131.00 "," 1,960 ", 1.50 , 137.05 
86050,92702,88900, 80 ," 68,521 "," 1131 Adams St, Lincoln, NE 68521 ",, R1 , 2 , 1.00 , 744.00 ," 1,959 ", -   , 115.66 
144000,155131,150000, 33 ," 68,504 "," 4518 Colfax Cir, Lincoln, NE 68504 ",, R1 , 2 , 1.50 ," 1,014.00 "," 1,973 ", 2.00 , 142.15 
165000,177754,165000, 42 ," 68,524 "," 5343 W Cleveland Ave, Lincoln, NE 68524 ",, R1 , 3 , 2.25 ," 1,200.00 "," 2,000 ", 2.00 , 137.50 
150500,162133,149900, 49 ," 68,507 "," 7120 Willow Ave, Lincoln, NE 68507 ",, R1 , 2 , 1.50 ," 1,062.00 "," 1,979 ", 1.00 , 141.71 
142900,153946,144900, 63 ," 68,521 "," 444 Mormon Trl, Lincoln, NE 68521 ",, R1 , 2 , 2.00 , 856.00 ," 1,991 ", 1.00 , 166.55 
139500,150283,139500, 29 ," 68,508 "," 139 N 11th St #502, Lincoln, NE 68508 ",, R1 , 1 , 1.00 , 518.00 ," 1,984 ", -   , 269.31 
92000,99111,92000, 38 ," 68,524 "," 5101 W Kingsley St, Lincoln, NE 68524 ",, R1 , 2 , 1.00 , 975.00 ," 1,955 ", 1.00 , 94.36 
141000,151899,143900, 42 ," 68,507 "," 3136 N 66th St, Lincoln, NE 68507 ",, R1 , 3 , 1.75 ," 1,025.00 "," 1,953 ", 1.00 , 137.56 
142000,152976,141900, 47 ," 68,506 "," 6500 South St, Lincoln, NE 68506 ",, R1 , 3 , 1.00 ," 1,000.00 "," 1,956 ", 1.00 , 142.00 
129000,138972,129000, 60 ," 68,504 "," 5011 Leighton Ave, Lincoln, NE 68504 ",, R1 , 2 , 1.00 ," 1,156.00 "," 1,925 ", 1.50 , 111.59 
147000,153922,147000, 127 ," 68,516 "," 5240 S 52nd St, Lincoln, NE 68516 ",, R1 , 3 , 1.75 ," 1,196.00 "," 1,972 ", 2.50 , 122.91 
149050,160571,148500, 34 ," 68,512 "," 1736 Normandy Ln, Lincoln, NE 68512-1464 ",, R1 , 3 , 2.00 ," 1,622.00 "," 1,976 ", 2.00 , 91.89 
110000,118503,107000, 46 ," 68,502 "," 2836 Washington St, Lincoln, NE 68502 ",, R1 , 3 , 1.00 ," 1,300.00 "," 1,900 ", 1.00 , 84.62 
159000,171291,159000, 74 ," 68,505 "," 6927 Starr St, Lincoln, NE 68505 ",, R1 , 3 , 1.50 ," 1,356.00 "," 1,955 ", 1.50 , 117.26 
146500,157824,148000, 99 ," 68,516 "," 5407 Linden St, Lincoln, NE 68516 ",, R1 , 3 , 2.00 ," 1,079.00 "," 1,961 ", 2.00 , 135.77 
116500,125505,115000, 38 ," 68,512 "," 2424 Winchester N, Lincoln, NE 68512 ",, R1 , 3 , 2.25 ," 1,015.00 "," 1,968 ", 2.00 , 114.78 
140000,150822,139500, 39 ," 68,506 "," 2936 S 47th St, Lincoln, NE 68506 ",, R1 , 2 , 1.75 ," 1,008.00 "," 1,960 ", 1.00 , 138.89 
144000,155131,149900, 59 ," 68,502 "," 3434 S 30th St, Lincoln, NE 68502 ",, R1 , 2 , 1.75 ," 1,668.00 "," 1,900 ", -   , 135.85 
155000,166981,158000, 59 ," 68,521 "," 4609 N 20, Lincoln, NE 68521 ",, R1 , 2 , 2.00 ," 1,080.00 "," 1,986 ", 2.00 , 143.52 
151000,162672,159900, 91 ," 68,521 "," 1020 W Custer St, Lincoln, NE 68521 ",, R1 , 3 , 2.00 ," 1,152.00 "," 1,979 ", 2.00 , 131.08 
101000,108807,101000, 8 ," 68,506 "," 5436 oldham St, Lincoln, NE 68506 ",, R1 , 3 , 2.00 ," 1,216.00 "," 1,952 ", -   , 83.06 
133000,143281,134950, 64 ," 68,521 "," 3910 N 11th St, Lincoln, NE 68521 ",, R1 , 3 , 1.75 , 736.00 ," 1,957 ", 1.50 , 180.71 
100000,107730,99900, 37 ," 68,503 "," 1125 Huff St, Lincoln, NE 68503 ",, R1 , 2 , 1.00 , 960.00 ," 1,900 ", -   , 104.17 
141950,152923,144900, 44 ," 68,504 "," 730 N 55th St, Lincoln, NE 68504 ",, R1 , 3 , 1.75 ," 1,025.00 "," 1,961 ", 1.00 , 138.49 
144500,155670,149900, 51 ," 68,505 "," 7441 Holdrege St, Lincoln, NE 68505 ",, R1 , 3 , 1.75 ," 1,025.00 "," 1,960 ", 2.00 , 140.98 
120000,129276,124500, 70 ," 68,502 "," 1625 Lake St, Lincoln, NE 68502 ",, R1 , 2 , 1.00 ," 1,282.00 "," 1,924 ", 1.00 , 93.60 
148000,159440,156900, 30 ," 68,502 "," 2836 Cedar Ave, Lincoln, NE 68502 ",, R1 , 4 , 2.00 ," 1,855.00 "," 1,935 ", 1.00 , 79.78 
157800,169998,160000, 37 ," 68,521 "," 6125 NW 7th St, Lincoln, NE 68521 ",, R1 , 3 , 1.75 ," 1,040.00 "," 1,979 ", 2.00 , 151.73 
158000,170213,157900, 43 ," 68,506 "," 4430 Meredeth St, Lincoln, NE 68506 ",, R1 , 3 , 1.75 ," 1,040.00 "," 1,960 ", 1.00 , 151.92 
118500,127660,117500, 28 ," 68,506 "," 7311 Old Post Rd #28, Lincoln, NE 68506 ",, R1 , 2 , 2.00 , 986.00 ," 1,968 ", 1.00 , 120.18 
132900,143173,137000, 140 ," 68,502 "," 1227 S 16 St, Lincoln, NE 68502 ",, R1 , 2 , 2.00 ," 1,987.00 "," 1,900 ", -   , 66.88 
137000,147590,140000, 15 ," 68,528 "," 5001 W Partridge Ln, Lincoln, NE 68528 ",, R1 , 2 , 1.75 , 884.00 ," 1,990 ", 2.00 , 154.98 
132000,142203,127000, 34 ," 68,525 "," 5014 W Sparrow Ln, Lincoln, NE 68525-2119 ",, R1 , 2 , 1.00 , 828.00 ," 1,991 ", 1.00 , 159.42 
125500,135201,122900, 56 ," 68,505 "," 610 E Eldora Ln, Lincoln, NE 68505 ",, R1 , 3 , 1.00 ," 1,008.00 "," 1,955 ", 1.00 , 124.50 
153000,164827,155000, 36 ," 68,505 "," 1401 W Avon Ln, Lincoln, NE 68505 ",, R1 , 3 , 2.00 , 925.00 ," 1,959 ", 1.50 , 165.41 
115000,123889,115000, 58 ," 68,503 "," 1916 N 32nd St, Lincoln, NE 68503 ",, R1 , 2 , 1.00 ," 1,370.00 "," 1,930 ", 2.00 , 83.94 
89000,95880,85000, 8 ," 68,506 "," 4034 Garfield St, Lincoln, NE 68506 ",, R1 , 2 , 1.50 , 864.00 ," 1,947 ", 1.00 , 103.01 
165000,177754,168900, 49 ," 68,505 "," 524 Trail Ridge Rd, Lincoln, NE 68505 ",, R1 , 3 , 2.00 ," 1,080.00 "," 1,965 ", 1.00 , 152.78 
128500,138433,128500, 64 ," 68,506 "," 4842 Sherman St, Lincoln, NE 68506 ",, R1 , 3 , 1.75 , 910.00 ," 1,973 ", -   , 141.21 
152800,164611,155000, 59 ," 68,522 "," 1901 SW 9th St, Lincoln, NE 68522 ",, R1 , 4 , 2.50 ," 1,914.00 "," 1,900 ", 2.00 , 79.83 
164000,176677,160000, 41 ," 68,516 "," 4915 S 54th St, Lincoln, NE 68516 ",, R1 , 3 , 2.25 ," 1,020.00 "," 1,974 ", 2.00 , 160.78 
155000,166981,155000, 32 ," 68,505 "," 7041 Colby St, Lincoln, NE 68505 ",, R1 , 2 , 1.75 , 974.00 ," 1,964 ", 2.00 , 159.14 
119900,129168,119900, 35 ," 68,512 "," 2624 Nottingham Ct, Lincoln, NE 68512 ",, R1 , 2 , 1.75 ," 1,056.00 "," 1,973 ", 1.00 , 113.54 
111000,119580,110000, 43 ," 68,502 "," 3810 S 15th St, Lincoln, NE 68502 ",, R1 , 2 , 1.50 , 816.00 ," 1,955 ", 3.50 , 136.03 
72000,77566,75000, 79 ," 68,524 "," 3730 NW 49 St, Lincoln, NE 68524 ",, R1 , 3 , 1.00 ," 1,070.00 "," 1,957 ", 1.00 , 67.29 
149900,161487,149900, 37 ," 68,505 "," 5711 Wilshire Blvd, Lincoln, NE 68505 ",, R1 , 3 , 2.00 ," 1,101.00 "," 1,958 ", 1.50 , 136.15 
114000,122812,112500, 45 ," 68,524 "," 3511 NW Michael St, Lincoln, NE 68524 ",, R1 , 3 , 1.00 ," 1,210.00 "," 1,955 ", 1.00 , 94.21 
95000,102343,95000, 46 ," 68,524 "," 5401 W Kingsley St, Lincoln, NE 68524-1350 ",, R1 , 3 , 1.00 ," 1,075.00 "," 1,955 ", -   , 88.37 
125500,135201,119750, 19 ," 68,506 "," 3501 Van Dorn St, Lincoln, NE 68506 ",, R1 , 2 , 1.00 , 987.00 ," 1,952 ", 1.50 , 127.15 
157500,169675,157500, 49 ," 68,510 "," 4264 A St, Lincoln, NE 68510 ",, R1 , 2 , 2.00 ," 1,287.00 "," 1,955 ", 2.00 , 122.85 
155000,166981,154900, 41 ," 68,502 "," 4008 Worthington Ave, Lincoln, NE 68502 ",, R1 , 2 , 2.00 ," 1,066.00 "," 1,956 ", 1.00 , 145.40 
145000,156208,154900, 43 ," 68,521 "," 3615 N 2 St, Lincoln, NE 68521 ",, R1 , 2 , 3.00 ," 1,322.00 "," 1,991 ", 2.00 , 109.68 
75250,81067,78700, 47 ," 68,502 "," 1145 Peach St, Lincoln, NE 68502 ",, R1 , 3 , 1.00 ," 1,476.00 "," 1,900 ", -   , 50.98 
139000,149745,143000, 58 ," 68,521 "," 4340 Lewis Ave, Lincoln, NE 68521 ",, R1 , 3 , 1.75 ," 2,070.00 "," 1,956 ", 2.50 , 134.30 
136900,147482,139900, 65 ," 68,502 "," 2553 Kessler Blvd, Lincoln, NE 68502 ",, R1 , 3 , 1.00 ," 1,025.00 "," 1,956 ", 1.00 , 133.56 
160500,172906,167900, 155 ," 68,502 "," 2525 S 13th St, Lincoln, NE 68502 ",, R1 , 3 , 2.25 ," 1,854.00 "," 1,920 ", 2.00 , 86.57 
160000,172368,167900, 64 ," 68,521 "," 4100 N 25th St, Lincoln, NE 68521 ",, R1 , 4 , 2.00 , 962.00 ," 2,003 ", 2.00 , 166.32 
69000,74334,69900, 91 ," 68,508 "," 1223 N 9 #211, Lincoln, NE 68508 ",, R1 , 1 , 1.00 , 584.00 ," 1,985 ", -   , 118.15 
150000,161595,149900, 45 ," 68,507 "," 7341 Knox Cir, Lincoln, NE 68507 ",, R1 , 3 , 1.75 ," 1,126.00 "," 1,985 ", 2.00 , 133.21 
146550,157878,145000, 48 ," 68,506 "," 2127 Winding Way Rd, Lincoln, NE 68506 ",, R1 , 3 , 2.50 ," 1,495.00 "," 1,978 ", 1.00 , 98.03 
135400,145866,134900, 40 ," 68,524 "," 5420 Wilkins Cir, Lincoln, NE 68524-1049 ",, R1 , 4 , 2.00 ," 1,003.00 "," 1,957 ", 1.00 , 135.00 
165000,177754,170000, 85 ," 68,502 "," 1326 Peach St, Lincoln, NE 68502 ",, R1 , 7 , 3.50 ," 2,122.00 "," 1,920 ", 1.00 , 77.76 
83500,89954,84950, 33 ," 68,524 "," 5215 W Hughes St, Lincoln, NE 68524 ",, R1 , 3 , 1.00 ," 1,075.00 "," 1,955 ", 1.50 , 77.67 
157900,170105,154900, 49 ," 68,522 "," 1615 SW 31 St, Lincoln, NE 68522 ",, R1 , 3 , 2.00 , 976.00 ," 2,001 ", 2.00 , 161.78 
148000,159440,150000, 64 ," 68,510 "," 1220 S 44th St, Lincoln, NE 68510 ",, R1 , 2 , 1.75 ," 1,074.00 "," 1,955 ", 1.00 , 137.80 
43000,46324,59999, 65 ," 68,503 "," 2221 N 32, Lincoln, NE 68503 ",, R1 , 2 , 1.00 , 708.00 ," 1,950 ", -   , 60.73 
145000,156208,145900, 34 ," 68,521 "," 3322 Gregory St, Lincoln, NE 68521 ",, R1 , 2 , 2.50 ," 1,040.00 "," 1,994 ", 2.00 , 139.42 
124900,134555,124900, 38 ," 68,510 "," 842 S 48 St, Lincoln, NE 68510 ",, R1 , 2 , 1.75 , 875.00 ," 1,947 ", 1.00 , 142.74 
128000,137894,129500, 44 ," 68,510 "," 3433 Mohawk St, Lincoln, NE 68510 ",, R1 , 2 , 1.75 , 924.00 ," 1,930 ", 2.00 , 138.53 
108000,116348,115000, 43 ," 68,507 "," 7015 Thurston St, Lincoln, NE 68507 ",, R1 , 3 , 1.00 , 925.00 ," 1,954 ", 2.00 , 116.76 
103000,110962,110000, 99 ," 68,502 "," 3975 Dunn Ave, Lincoln, NE 68502 ",, R1 , 3 , 1.00 , 864.00 ," 1,953 ", 1.00 , 119.21 
164900,177647,164900, 49 ," 68,502 "," 1250 S 25 St, Lincoln, NE 68502 ",, R1 , 3 , 1.75 , 936.00 ," 1,900 ", 2.00 , 94.61 
131000,141126,130000, 33 ," 68,516 "," 4050 Linden St, Lincoln, NE 68516 ",, R1 , 2 , 1.50 , 875.00 ," 1,960 ", 1.00 , 149.71 
124000,133585,122900, 72 ," 68,528 "," 2100 NW 57th St, Lincoln, NE 68528 ",, R1 , 2 , 1.50 , 794.00 ," 2,005 ", 1.00 , 156.17 
152500,164288,152500, 41 ," 68,510 "," 1134 Rockhurst, Lincoln, NE 68510 ",, R1 , 1 , 1.00 ," 1,260.00 "," 1,982 ", 2.00 , 121.03 
150000,161595,145000, 43 ," 68,506 "," 7239 Englewood Dr, Lincoln, NE 68506 ",, R1 , 3 , 1.75 ," 1,020.00 "," 1,964 ", 1.00 , 147.06 
155000,166981,159900, 66 ," 68,505 "," 7820 Steinway Rd, Lincoln, NE 68505 ",, R1 , 2 , 1.75 ," 1,040.00 "," 1,963 ", 2.00 , 149.04 
135000,145435,135000, 44 ," 68,504 "," 5321 Wilshire Blvd, Lincoln, NE 68504 ",, R1 , 2 , 1.00 , 775.00 ," 1,957 ", 1.50 , 174.19 
138500,149206,138500, 1 ," 68,516 "," 4010 Linden St, Lincoln, NE 68516 ",, R1 , 3 , 1.00 ," 1,023.00 "," 1,960 ", 1.00 , 135.39 
140000,150822,142000, 52 ," 68,505 "," 7448 Holdrege St, Lincoln, NE 68505 ",, R1 , 3 , 1.75 ," 1,041.00 "," 1,972 ", 1.00 , 134.49 
100000,107730,100000, 57 ," 68,505 "," 6800 Marcia Ln, Lincoln, NE 68505 ",, R1 , 3 , 1.00 ," 1,008.00 "," 1,954 ", 1.00 , 99.21 
159900,172260,159900, 116 ," 68,521 "," 515 W Keating Cir, Lincoln, NE 68521 ",, R1 , 3 , 2.25 ," 1,184.00 "," 1,980 ", 2.00 , 135.05 
95000,102343,95000, 37 ," 68,505 "," 1811 Donald Cir, Lincoln, NE 68505 ",, R1 , 3 , 2.00 ," 1,114.00 "," 1,967 ", 2.00 , 85.28 
160100,172476,159900, 44 ," 68,506 "," 6409 Boxelder Dr, Lincoln, NE 68506 ",, R1 , 3 , 2.25 ," 2,143.00 "," 1,979 ", 2.00 , 74.71 
68000,73256,69500, 45 ," 68,524 "," 5337 W Zeamer St, Lincoln, NE 68524 ",, R1 , 3 , 1.00 ," 1,075.00 "," 1,955 ", 1.00 , 63.26 
135000,145435,146900, 65 ," 68,512 "," 5628 Lancelot Ln, Lincoln, NE 68512 ",, R1 , 3 , 1.50 , 897.00 ," 1,985 ", 1.00 , 150.50 
95000,102343,95000, 72 ," 68,512 "," 2614 Piccadilly Ct, Lincoln, NE 68512 ",, R1 , 2 , 1.50 ," 1,024.00 "," 1,977 ", 1.00 , 92.77 
150000,161595,155000, 46 ," 68,506 "," 1908 S 33rd St, Lincoln, NE 68506 ",, R1 , 3 , 1.00 ," 1,339.00 "," 1,951 ", 1.50 , 112.02 
165000,177754,169999, 49 ," 68,510 "," 920 Eldon Dr, Lincoln, NE 68510 ",, R1 , 3 , 2.25 ," 1,375.00 "," 1,956 ", 1.00 , 120.00 
87000,93725,87000, 60 ," 68,516 "," 5527 S 31st St #7, Lincoln, NE 68516 ",, R1 , 2 , 1.00 , -   ," 1,980 ", -   , 78.31 
54000,58174,67000, 74 ," 68,510 "," 2708 Alpha St, Lincoln, NE 68510 ",, R1 , 3 , 1.00 , 898.00 ," 1,920 ", -   , 60.13 
75000,80797,80000, 76 ," 68,504 "," 1210 N 54th St, Lincoln, NE 68504 ",, R1 , 2 , 1.00 , 825.00 ," 1,960 ", -   , 90.91 
78000,84029,78800, 83 ," 68,503 "," 342 N 33 St, Lincoln, NE 68503 ",, R1 , 2 , 1.00 , 768.00 ," 1,945 ", 1.00 , 101.56 
159000,171291,159000, 15 ," 68,506 "," 3634 S 77th St, Lincoln, NE 68506 ",, R1 , 3 , 2.50 ," 1,450.00 "," 1,978 ", 2.00 , 109.66 
104000,112039,109900, 25 ," 68,504 "," 3331 N 44, Lincoln, NE 68504 ",, R1 , 3 , 1.00 , 960.00 ," 1,961 ", 1.00 , 108.33 
49500,53326,59900, 77 ," 68,502 "," 715 C, Lincoln, NE 68502 ",, R1 , 3 , 1.00 ," 1,133.00 "," 1,900 ", -   , 43.69 
114900,123782,114900, 26 ," 68,510 "," 934 Carriage Way, Lincoln, NE 68510 ",, R1 , 2 , 1.75 , 948.00 ," 1,974 ", 2.00 , 121.20 
145000,156208,139900, 48 ," 68,524 "," 5324 W Saint Paul Ave, Lincoln, NE 68524 ",, R1 , 3 , 2.50 , 952.00 ," 1,996 ", 2.00 , 152.31 
156000,168059,154900, 59 ," 68,521 "," 6159 NW 10 St, Lincoln, NE 68521 ",, R1 , 3 , 1.75 ," 1,080.00 "," 1,980 ", 2.00 , 144.44 
90000,96957,89600, 25 ," 68,521 "," 5407 Homestead Ct, Lincoln, NE 68521 ",, R1 , 2 , 1.00 , 806.00 ," 1,977 ", 1.00 , 111.66 
156000,168059,159000, 30 ," 68,516 "," 3701 Linden St, Lincoln, NE 68516 ",, R1 , 3 , 1.25 ," 1,176.00 "," 1,966 ", 2.00 , 132.65 
102000,109884,99900, 44 ," 68,524 "," 5220 W Kingsley St, Lincoln, NE 68524 ",, R1 , 2 , 1.00 ," 1,062.00 "," 1,955 ", 2.00 , 96.05 
149900,161487,149900, 47 ," 68,506 "," 7420 South St #17, Lincoln, NE 68506 ",, R1 , 1 , 2.00 , 952.00 ," 1,976 ", 2.00 , 157.46 
137000,147590,137000, 21 ," 68,510 "," 3432 Mohawk St, Lincoln, NE 68510 ",, R1 , 2 , 1.25 ," 1,007.00 "," 1,930 ", 1.50 , 136.05 
166000,178832,165500, 49 ," 68,516 "," 3731 Linden St, Lincoln, NE 68516 ",, R1 , 2 , 1.75 , 954.00 ," 1,963 ", 2.00 , 174.00 
115000,123889,115000, 23 ," 68,502 "," 3912 S 15th St, Lincoln, NE 68502 ",, R1 , 2 , 1.00 , 720.00 ," 1,952 ", 2.00 , 159.72 
147000,158363,138900, 38 ," 68,510 "," 4338 D St, Lincoln, NE 68510 ",, R1 , 2 , 1.75 , 768.00 ," 1,953 ", 1.00 , 191.41 
152750,164557,145000, 59 ," 68,516 "," 5333 Stonecliffe Dr, Lincoln, NE 68516 ",, R1 , 3 , 1.75 ," 1,002.00 "," 1,972 ", 2.00 , 152.45 
162500,175061,162500, 36 ," 68,528 "," 2141 NW 53 St, Lincoln, NE 68528 ",, R1 , 3 , 2.00 , 976.00 ," 2,002 ", 2.00 , 166.50 
148000,159440,139900, 44 ," 68,512 "," 4805 Tipperary Trl, Lincoln, NE 68512 ",, R1 , 2 , 1.75 , 988.00 ," 1,968 ", 1.00 , 149.80 
113000,121735,108950, 49 ," 68,512 "," 2623 Piccadilly Ct, Lincoln, NE 68512 ",, R1 , 2 , 1.50 ," 1,056.00 "," 1,973 ", 1.00 , 107.01 
159000,171291,165000, 51 ," 68,516 "," 4300 Briarpark Dr, Lincoln, NE 68516 ",, R1 , 3 , 2.25 ," 1,142.00 "," 1,973 ", 2.00 , 139.23 
61000,65715,65000, 97 ," 68,506 "," 1627 S 9, Lincoln, NE 68506 ",, R1 , 2 , 1.00 , 947.00 ," 1,920 ", 1.00 , 64.41 
152000,163749,149900, 31 ," 68,505 "," 7025 Lexington Ave, Lincoln, NE 68505 ",, R1 , 3 , 1.75 ," 1,040.00 "," 1,961 ", 3.00 , 146.15 
122000,131430,129900, 57 ," 68,510 "," 324 S 46th St, Lincoln, NE 68510 ",, R1 , 3 , 1.25 ," 1,152.00 "," 1,954 ", 1.00 , 105.90 
114900,123782,114900, 61 ," 68,510 "," 932 Carriage Way #9, Lincoln, NE 68510-4421 ",, R1 , 2 , 1.75 , 948.00 ," 1,974 ", 2.00 , 121.20 
152000,163749,154900, 61 ," 68,516 "," 5011 S 54th St, Lincoln, NE 68516 ",, R1 , 3 , 2.50 ," 1,020.00 "," 1,975 ", 2.00 , 149.02 
119900,125546,119900, 343 ," 68,504 "," 4526 Saint Paul Ave, Lincoln, NE 68504 ",, R1 , 5 , 1.75 , 792.00 ," 1,952 ", 2.00 , 151.39 
95000,102343,99900, 38 ," 68,512 "," 4615 Tipperary Trl, Lincoln, NE 68512 ",, R1 , 2 , 1.50 ," 1,024.00 "," 1,972 ", 1.00 , 92.77 
118600,127768,109900, 38 ," 68,512 "," 2627 Nottingham Ct, Lincoln, NE 68512 ",, R1 , 2 , 1.50 ," 1,056.00 "," 1,973 ", 1.00 , 110.22 
116500,125505,119500, 57 ," 68,503 "," 3419 P St, Lincoln, NE 68503 ",, R1 , 3 , 1.00 ," 1,192.00 "," 1,935 ", 1.00 , 97.73 
153000,164827,153000, 21 ," 68,512 "," 2301 Sheffield Pl, Lincoln, NE 68512 ",, R1 , 3 , 2.50 ," 1,596.00 "," 1,970 ", 2.00 , 95.86 
155000,166981,154950, 35 ," 68,507 "," 3100 N 68 St, Lincoln, NE 68507 ",, R1 , 2 , 1.75 ," 1,356.00 "," 1,952 ", 2.00 , 114.48 
165500,178293,152000, 35 ," 68,520 "," 901 Smoky Hill Rd, Lincoln, NE 68520 ",, R1 , 3 , 2.25 ," 1,319.00 "," 1,977 ", 2.00 , 125.47 
155000,166981,159900, 67 ," 68,505 "," 348 Terrace Rd, Lincoln, NE 68505 ",, R1 , 3 , 1.75 , 988.00 ," 1,963 ", 1.00 , 156.88 
115000,123889,120000, 52 ," 68,505 "," 611 N 70th St, Lincoln, NE 68505 ",, R1 , 3 , 1.00 ," 1,120.00 "," 1,954 ", 1.00 , 102.68 
155000,166981,155000, 16 ," 68,516 "," 3621 Wildbriar Ln, Lincoln, NE 68516 ",, R1 , 3 , 2.50 ," 1,216.00 "," 1,977 ", 2.00 , 127.47 
129000,138972,129000, 46 ," 68,504 "," 5135 Knox St, Lincoln, NE 68504 ",, R1 , 3 , 1.00 ," 1,172.00 "," 1,920 ", 1.00 , 110.07 
159900,172260,159900, 39 ," 68,506 "," 1515 Janice Ct, Lincoln, NE 68506 ",, R1 , 3 , 2.50 , 978.00 ," 1,975 ", 2.00 , 84.16 
120500,129815,118000, 36 ," 68,506 "," 2208 S 56 St, Lincoln, NE 68506 ",, R1 , 3 , 1.00 ," 1,044.00 "," 1,900 ", 1.00 , 115.42 
148900,160410,148900, 42 ," 68,502 "," 1824 Garfield St, Lincoln, NE 68502-2537 ",, R1 , 3 , 1.75 ," 1,742.00 "," 1,924 ", 2.00 , 85.48 
152000,163749,150000, 22 ," 68,516 "," 4845 S 54th St, Lincoln, NE 68516 ",, R1 , 3 , 2.25 ," 1,020.00 "," 1,974 ", 2.00 , 149.02 
97000,104498,87900, 40 ," 68,516 "," 5227 Spruce St, Lincoln, NE 68516 ",, R1 , 3 , 1.00 ," 1,056.00 "," 1,905 ", -   , 91.86 
129000,138972,124900, 50 ," 68,510 "," 3770 A St, Lincoln, NE 68510 ",, R1 , 2 , 1.00 , 840.00 ," 1,946 ", 1.00 , 153.57 
103750,111770,109900, 68 ," 68,510 "," 1022 Carriage Way, Lincoln, NE 68510 ",, R1 , 3 , 1.75 , 895.00 ," 1,971 ", 1.00 , 81.50 
140000,150822,130000, 46 ," 68,512 "," 2020 Essex Rd, Lincoln, NE 68512 ",, R1 , 3 , 1.75 , 840.00 ," 1,973 ", 1.00 , 166.67 
149000,160518,151000, 46 ," 68,522 "," 1933 SW 23rd St, Lincoln, NE 68522 ",, R1 , 2 , 1.00 , 970.00 ," 1,993 ", 2.00 , 153.61 
94000,101266,95000, 53 ," 68,502 "," 1001 Rose St, Lincoln, NE 68502 ",, R1 , 4 , 1.00 ," 1,568.00 "," 1,920 ", -   , 59.95 
117000,126044,120000, 214 ," 68,510 "," 1337 S 49th St, Lincoln, NE 68510 ",, R1 , 2 , 2.00 , 792.00 ," 1,950 ", 1.00 , 147.73 
150500,162133,150500, 31 ," 68,506 "," 2819 S 41, Lincoln, NE 68506 ",, R1 , 2 , 1.75 ," 1,056.00 "," 1,950 ", 1.00 , 142.52 
140000,150822,141900, 38 ," 68,524 "," 1218 W Jean Ave, Lincoln, NE 68524 ",, R1 , 4 , 1.75 , 912.00 ," 1,978 ", 1.00 , 153.51 
153575,165446,159900, 22 ," 68,516 "," 3706 Wildbriar Ln, Lincoln, NE 68516 ",, R1 , 3 , 1.75 ," 1,028.00 "," 1,976 ", 1.00 , 149.39 
129000,138972,129900, 49 ," 68,502 "," 1330 S 26, Lincoln, NE 68502-1824 ",, R1 , 3 , 1.25 , 784.00 ," 1,916 ", 1.00 , 90.21 
92000,99111,94900, 51 ," 68,524 "," 3007 NW 52nd St, Lincoln, NE 68524 ",, R1 , 2 , 1.00 , 975.00 ," 1,955 ", -   , 94.36 
165000,177754,184900, 107 ," 68,502 "," 2530 Marilynn Ave, Lincoln, NE 68502 ",, R1 , 3 , 2.25 , -   ," 1,971 ", 2.00 , 122.40 
123000,132508,120900, 45 ," 68,510 "," 3545 C St, Lincoln, NE 68510 ",, R1 , 3 , 1.75 , 792.00 ," 1,950 ", 1.00 , 155.30 
134000,144358,133900, 45 ," 68,506 "," 8220 N Hazelwood Dr, Lincoln, NE 68506 ",, R1 , 2 , 1.00 , 875.00 ," 1,966 ", 1.00 , 153.14 
56500,60867,57500, 39 ," 68,507 "," 6509 Benton St, Lincoln, NE 68507 ",, R1 , 3 , 1.00 ," 1,277.00 "," 1,900 ", 2.00 , 44.24 
140500,151360,130000, 42 ," 68,522 "," 718 W Sumner Cir, Lincoln, NE 68522 ",, R1 , 3 , 1.75 ," 1,064.00 "," 1,977 ", 2.00 , 132.05 
152000,163749,154400, 44 ," 68,521 "," 1155 Benton St, Lincoln, NE 68521 ",, R1 , 3 , 1.75 ," 1,080.00 "," 1,962 ", 1.50 , 140.74 
160000,172368,158900, 46 ," 68,502 "," 2349 Burnham St, Lincoln, NE 68502 ",, R1 , 3 , 2.00 ," 1,253.00 "," 1,955 ", 2.00 , 127.69 
130000,140049,130000, 38 ," 68,510 "," 1135 S 33rd St, Lincoln, NE 68510 ",, R1 , 4 , 1.75 , 936.00 ," 1,910 ", -   , 138.89 
117375,126448,110000, 53 ," 68,524 "," 5421 W Benton St, Lincoln, NE 68524 ",, R1 , 3 , 1.00 ," 1,199.00 "," 1,955 ", 2.00 , 97.89 
145500,156747,139900, 55 ," 68,521 "," 1441 Benton, Lincoln, NE 68521 ",, R1 , 2 , 1.75 , 988.00 ," 1,971 ", 1.00 , 147.27 
155000,166981,149900, 35 ," 68,510 "," 1231 Eldon Dr, Lincoln, NE 68510 ",, R1 , 2 , 1.75 , 912.00 ," 1,961 ", 1.50 , 169.96 
155000,166981,149900, 35 ," 68,510 "," 4621 Valley Rd, Lincoln, NE 68510 ",, R1 , 3 , 1.00 ," 1,011.00 "," 1,955 ", 1.00 , 153.31 
125000,134662,125000, 41 ," 68,528 "," 604 Lakeside Dr, Lincoln, NE 68528 ",, R1 , 2 , 2.00 , 701.00 ," 2,002 ", 2.00 , 86.87 
161000,173445,159999, 47 ," 68,506 "," 5110 Myrtle St, Lincoln, NE 68506 ",, R1 , 3 , 2.00 ," 1,247.00 "," 1,961 ", 1.00 , 129.11 
120000,129276,115000, 38 ," 68,506 "," 2331 S 74th St #38, Lincoln, NE 68506 ",, R1 , 2 , 2.00 , 986.00 ," 1,968 ", 1.00 , 121.70 
119500,128737,124900, 16 ," 68,506 "," 1956 Brower Rd, Lincoln, NE 68506 ",, R1 , 2 , 2.00 , 800.00 ," 1,954 ", 1.00 , 149.38 
127000,136817,129000, 7 ," 68,510 "," 840 S 70th St, Lincoln, NE 68510 ",, R1 , 3 , 1.50 ," 1,407.00 "," 1,962 ", 1.50 , 90.26 
120000,129276,120000, 39 ," 68,524 "," 3401-3407 NW Michael St, Lincoln, NE 68524 ",, R1 , 6 , 2.00 ," 2,250.00 "," 1,955 ", 1.00 , 53.33 
129900,139941,129900, 53 ," 68,510 "," 330 S 24th, Lincoln, NE 68510 ",, R1 , 3 , 3.00 ," 1,064.00 "," 1,910 ", 2.00 , 106.83 
81400,87692,81400, 42 ," 68,507 "," 2924 SW 6th, Lincoln, NE 68507 ",, R1 , 3 , 2.00 ," 1,572.00 "," 1,900 ", 2.00 , 51.78 
155000,166981,154900, 48 ," 68,521 "," 900 Leon, Lincoln, NE 68521 ",, R1 , 3 , 1.50 ," 1,028.00 "," 1,980 ", 2.00 , 150.78 
124900,134555,124900, 50 ," 68,510 "," 4105 A St, Lincoln, NE 68510 ",, R1 , 3 , 1.75 ," 1,122.00 "," 1,947 ", 1.00 , 111.32 
149000,160518,149000, 92 ," 68,512 "," 1200 Campfire Cir, Lincoln, NE 68512 ",, R1 , 3 , 2.00 ," 1,380.00 "," 1,984 ", 2.00 , 107.97 
122000,131430,122000, 104 ," 68,521 "," 273 Parkside Ln, Lincoln, NE 68521 ",, R1 , 3 , 2.00 , 864.00 ," 1,983 ", 1.00 , 141.20 
135000,145435,140000, 56 ," 68,512 "," 5809 Berkeley Dr #5, Lincoln, NE 68512 ",, R1 , 2 , 2.25 ," 1,196.00 "," 1,982 ", 1.00 , 112.88 
84000,90493,84000, 113 ," 68,503 "," 2123 N 32nd St, Lincoln, NE 68503 ",, R1 , 3 , 1.00 , 836.00 ," 1,922 ", -   , 100.48 
93000,100189,84900, 24 ," 68,506 "," 5430 Prescott Ave, Lincoln, NE 68506 ",, R1 , 3 , 1.25 , 960.00 ," 1,963 ", 1.00 , 96.88 
165000,177754,165000, 46 ," 68,524 "," 4131 W Leighton, Lincoln, NE 68524 ",, R1 , 4 , 2.00 , 820.00 ," 2,004 ", 2.00 , 202.21 
158000,170213,158000, 53 ," 68,502 "," 3012 S 11 St, Lincoln, NE 68502 ",, R1 , 4 , 2.00 , 840.00 ," 2,003 ", 2.00 , 188.10 
163900,176569,159900, 44 ," 68,521 "," 6150 NW 9th, Lincoln, NE 68521 ",, R1 , 3 , 2.25 ," 1,344.00 "," 1,978 ", 2.00 , 121.95 
115000,123889,109900, 51 ," 68,512 "," 2605 Nottingham Ct, Lincoln, NE 68512 ",, R1 , 3 , 1.50 ," 1,152.00 "," 1,973 ", 1.00 , 99.83 
97800,105360,97500, 35 ," 68,504 "," 5136 Knox St, Lincoln, NE 68504 ",, R1 , 3 , 1.00 ," 1,006.00 "," 1,943 ", 3.00 , 97.22 
150068,161668,146000, 45 ," 68,522 "," 1671 SW 27, Lincoln, NE 68522 ",, R1 , 2 , 1.75 , 846.00 ," 2,007 ", 1.00 , 177.39 
116500,125505,115000, 56 ," 68,516 "," 4301 Allendale Ct, Lincoln, NE 68516 ",, R1 , 2 , 1.50 ," 1,016.00 "," 1,975 ", 1.00 , 114.67 
130000,140049,128500, 56 ," 68,510 "," 4427 Cleveland Ave, Lincoln, NE 68510 ",, R1 , 3 , 1.00 , 936.00 ," 1,922 ", 2.00 , 138.89 
164000,176677,164000, 57 ," 68,516 "," 5536 Stonecliffe, Lincoln, NE 68516 ",, R1 , 3 , 1.75 ," 1,092.00 "," 1,973 ", 2.00 , 150.18 
128000,137894,129000, 29 ," 68,521 "," 5407 Venture Dr, Lincoln, NE 68521 ",, R1 , 2 , 1.00 ," 1,148.00 "," 1,982 ", 2.00 , 111.50 
92000,99111,89900, 57 ," 68,524 "," 5111 W Kingsley St, Lincoln, NE 68524 ",, R1 , 2 , 1.00 , 975.00 ," 1,955 ", -   , 94.36 
139900,150714,139900, 34 ," 68,522 "," 2340 SW 14 St, Lincoln, NE 68522 ",, R1 , 3 , 1.75 , 832.00 ," 1,976 ", 1.00 , 168.15 
130000,140049,134900, 45 ," 68,505 "," 845 W Avon Ln, Lincoln, NE 68505 ",, R1 , 3 , 1.75 ," 1,064.00 "," 1,955 ", 1.00 , 122.18 
125000,134662,120000, 83 ," 68,505 "," 7036 Y St, Lincoln, NE 68505 ",, R1 , 3 , 1.00 , 935.00 ," 1,960 ", 1.00 , 133.69 
122000,131430,129000, 21 ," 68,510 "," 7000 S Wedgewood Dr, Lincoln, NE 68510 ",, R1 , 3 , 1.50 ," 1,189.00 "," 1,961 ", 1.00 , 102.61 
89000,95880,86500, 51 ," 68,524 "," 5201 W Zeamer St, Lincoln, NE 68524 ",, R1 , 3 , 1.00 ," 1,062.00 "," 1,955 ", 2.50 , 83.80 
100000,107730,105000, 27 ," 68,524 "," 5221 W Zeamer St, Lincoln, NE 68524 ",, R1 , 3 , 1.00 ," 1,100.00 "," 1,955 ", 1.00 , 90.91 
135900,146405,129500, 33 ," 68,506 "," 5522 Sumner St, Lincoln, NE 68506 ",, R1 , 3 , 1.50 ," 1,120.00 "," 1,955 ", 2.00 , 121.34 
36500,39321,39500, 39 ," 68,503 "," 2815 Starr St, Lincoln, NE 68503 ",, R1 , 2 , 1.00 ," 1,064.00 "," 1,910 ", -   , 34.30 
127000,136817,127000, 91 ," 68,502 "," 2440 D St, Lincoln, NE 68502 ",, R1 , 4 , 3.00 ," 1,456.00 "," 1,916 ", 2.00 , 87.23 
137500,148129,131500, 38 ," 68,510 "," 1250 S 49th St, Lincoln, NE 68510 ",, R1 , 3 , 1.00 ," 1,322.00 "," 1,950 ", 1.00 , 104.01 
92000,99111,92000, 42 ," 68,506 "," 2350 Scott Ave, Lincoln, NE 68506 ",, R1 , 2 , 1.00 , 861.00 ," 1,949 ", 2.00 , 106.85 
51000,54942,66000, 44 ," 68,521 "," 2447 NW 6 St, Lincoln, NE 68521 ",, R1 , 3 , 1.00 , 924.00 ," 1,910 ", 5.00 , 55.19 
116600,125613,114900, 35 ," 68,506 "," 2938 S 48 St, Lincoln, NE 68506 ",, R1 , 2 , 1.50 , 875.00 ," 1,956 ", -   , 133.26 
132000,142203,140000, 39 ," 68,528 "," 630 Windsor Dr, Lincoln, NE 68528 ",, R1 , 3 , 1.25 , -   ," 1,963 ", 1.00 , 120.44 
154900,166874,154900, 42 ," 68,502 "," 2555 Woods Blvd, Lincoln, NE 68502 ",, R1 , 3 , 1.50 ," 1,488.00 "," 1,957 ", 1.00 , 115.77 
92500,99650,92500, 31 ," 68,524 "," 3101 NW 49th St, Lincoln, NE 68524 ",, R1 , 2 , 1.00 , 975.00 ," 1,955 ", 1.00 , 94.87 
154000,165904,154000, 62 ," 68,505 "," 8116 Sanborn Dr, Lincoln, NE 68505 ",, R1 , 3 , 1.75 ," 1,104.00 "," 1,963 ", 1.00 , 139.49 
165000,177754,169900, 78 ," 68,506 "," 6447 Boxelder Dr, Lincoln, NE 68506 ",, R1 , 2 , 2.25 ," 2,583.00 "," 1,979 ", 2.00 , 76.99 
84000,90493,87500, 18 ," 68,521 "," 2425 Folkways #306, Lincoln, NE 68521 ",, R1 , 2 , 1.00 , 942.00 ," 1,995 ", 1.00 , 89.17 
147000,158363,142000, 64 ," 68,521 "," 6109 NW 4 St, Lincoln, NE 68521 ",, R1 , 3 , 1.75 ," 1,040.00 "," 1,985 ", 2.00 , 143.00 
125000,134662,127000, 61 ," 68,504 "," 5140 Wilshire Blvd, Lincoln, NE 68504 ",, R1 , 2 , 1.75 , 775.00 ," 1,957 ", 1.00 , 161.29 
142000,152976,142000, 53 ," 68,512 "," 6206 Inverness Rd, Lincoln, NE 68512 ",, R1 , 2 , 1.25 , 840.00 ," 1,977 ", 1.00 , 169.05 
140500,151360,140500, 35 ," 68,506 "," 2449 S 37, Lincoln, NE 68506 ",, R1 , 3 , 1.00 ," 1,102.00 "," 1,961 ", 1.00 , 127.50 
160000,172368,159000, 29 ," 68,516 "," 4710 S 56th St, Lincoln, NE 68516 ",, R1 , 3 , 3.00 ," 1,125.00 "," 1,973 ", 2.00 , 142.22 
94900,102236,94900, 57 ," 68,502 "," 1531 Sumner St, Lincoln, NE 68502 ",, R1 , 3 , 1.00 ," 1,390.00 "," 1,910 ", 1.00 , 68.27 
155000,166981,149900, 30 ," 68,510 "," 1021 Cottonwood Dr, Lincoln, NE 68510 ",, R1 , 3 , 1.50 ," 1,160.00 "," 1,964 ", 2.00 , 133.62 
35000,37705,41900, 51 ," 68,502 "," 2311 S 9th St, Lincoln, NE 68502 ",, R1 , 2 , 1.00 , 912.00 ," 1,900 ", 2.00 , 38.38 
91500,98573,96500, 27 ," 68,524 "," 5442 W Hughes St, Lincoln, NE 68524 ",, R1 , 3 , 1.00 ," 1,104.00 "," 1,955 ", 1.00 , 82.88 
159000,171291,150000, 38 ," 68,521 "," 1501 Atlas Ave, Lincoln, NE 68521 ",, R1 , 5 , 2.00 ," 1,134.00 "," 1,963 ", 1.00 , 140.21 
52500,56558,54900, 32 ," 68,505 "," 1618 N 67 St W, Lincoln, NE 68505 ",, R1 , 2 , 1.00 , 900.00 ," 1,964 ", 1.00 , 58.33 
165500,178293,165900, 42 ," 68,516 "," 3100 Sequoia Dr, Lincoln, NE 68516 ",, R1 , 3 , 1.75 ," 1,014.00 "," 1,988 ", 2.00 , 163.22 
126500,136278,122900, 45 ," 68,512 "," 1809 Normandy Ln, Lincoln, NE 68512 ",, R1 , 2 , 2.00 ," 1,100.00 "," 1,979 ", 2.00 , 115.00 
155000,166981,155000, 53 ," 68,521 "," 441 W Dawes Ave, Lincoln, NE 68521 ",, R1 , 3 , 1.75 , 934.00 ," 1,994 ", 2.00 , 165.95 
143500,154592,149000, 77 ," 68,502 "," 3917 Dunn Ave, Lincoln, NE 68502 ",, R1 , 3 , 1.75 ," 1,440.00 "," 1,953 ", 1.00 , 99.65 
145500,156747,137300, 34 ," 68,516 "," 5327 S 80th St, Lincoln, NE 68516 ",, R1 , 4 , 3.00 ," 1,202.00 "," 1,997 ", 2.00 , 121.05 
84900,91463,84900, 61 ," 68,502 "," 1034 Park Ave, Lincoln, NE 68502 ",, R1 , 2 , 1.00 , 984.00 ," 1,910 ", -   , 86.28 
140000,150822,144900, 41 ," 68,506 "," 2305 Winding Way, Lincoln, NE 68506 ",, R1 , 2 , 2.25 ," 1,855.00 "," 1,978 ", 1.00 , 91.44 
74500,80259,79950, 62 ," 68,503 "," 3135 Q St, Lincoln, NE 68503 ",, R1 , 3 , 1.00 , 864.00 ," 1,950 ", 1.00 , 86.23 
132000,142203,134000, 45 ," 68,507 "," 7330 Seward Ave, Lincoln, NE 68507 ",, R1 , 2 , 1.75 , 840.00 ," 1,961 ", 1.50 , 157.14 
89900,96849,92951, 124 ," 68,504 "," 5534 Hartley St, Lincoln, NE 68504 ",, R1 , 2 , 1.25 , 775.00 ," 1,952 ", -   , 116.00 
58000,62483,62500, 49 ," 68,502 "," 2727 Sumner St, Lincoln, NE 68502 ",, R1 , 3 , 2.00 ," 1,185.00 "," 1,925 ", -   , 48.95 
75000,80797,79900, 60 ," 68,504 "," 1220 N 55 St, Lincoln, NE 68504 ",, R1 , 2 , 1.00 , 825.00 ," 1,960 ", -   , 90.91 
21000,22623,22500, 13 ," 68,508 "," 931 F St, Lincoln, NE 68508 ",, R1 , 3 , 1.00 ," 1,224.00 "," 1,920 ", -   , 17.16 
21000,22623,22500, 13 ," 68,508 "," 937 F St, Lincoln, NE 68508 ",, R1 , 3 , 1.00 , 960.00 ," 1,900 ", -   , 21.88 
138000,148667,140000, 54 ," 68,521 "," 174 Laramie Trl, Lincoln, NE 68521 ",, R1 , 3 , 1.75 ," 1,056.00 "," 1,986 ", 2.00 , 130.68 
152945,164767,150000, 38 ," 68,505 "," 2240 Ammon Ave, Lincoln, NE 68505 ",, R1 , 4 , 1.75 ," 1,020.00 "," 1,973 ", 2.00 , 149.95 
162000,174522,164999, 51 ," 68,510 "," 600 Driftwood Dr, Lincoln, NE 68510 ",, R1 , 3 , 2.50 ," 1,203.00 "," 1,964 ", 1.00 , 134.66 
160000,172368,159900, 46 ," 68,516 "," 4721 S 58 St, Lincoln, NE 68516 ",, R1 , 3 , 1.75 ," 1,040.00 "," 1,976 ", 1.00 , 153.85 
142500,153515,142500, 41 ," 68,510 "," 3761 D St, Lincoln, NE 68510 ",, R1 , 3 , 1.75 , 981.00 ," 1,946 ", 1.00 , 145.26 
67000,72179,69500, 28 ," 68,506 "," 4000 S 56th St #367A, Lincoln, NE 68506 ",, R1 , 1 , 1.00 , 771.00 ," 1,972 ", -   , 86.90 
129500,139510,129500, 82 ," 68,505 "," 350 W Rio Rd, Lincoln, NE 68505 ",, R1 , 3 , 1.00 ," 1,464.00 "," 1,955 ", 1.00 , 88.46 
70000,75411,89000, 113 ," 68,507 "," 2940 N 63rd St, Lincoln, NE 68507 ",, R1 , 3 , 3.00 ," 1,538.00 "," 1,953 ", 1.00 , 45.51 
155000,166981,155000, 33 ," 68,504 "," 810 Mahoney Dr, Lincoln, NE 68504 ",, R1 , 4 , 1.75 ," 1,054.00 "," 1,957 ", 2.00 , 147.06 
108500,116887,114000, 79 ," 68,510 "," 3345 A St, Lincoln, NE 68510 ",, R1 , 2 , 1.00 , 918.00 ," 1,950 ", 1.00 , 118.19 
126000,135740,127500, 75 ," 68,505 "," 240 W Rio Rd, Lincoln, NE 68505 ",, R1 , 3 , 1.00 ," 1,008.00 "," 1,956 ", 3.00 , 125.00 
156500,168597,155000, 28 ," 68,521 "," 7328 N 19, Lincoln, NE 68521 ",, R1 , 3 , 2.50 ," 1,665.00 "," 2,006 ", 2.00 , 93.99 
150000,161595,154900, 70 ," 68,506 "," 1135 Rose St, Lincoln, NE 68506 ",, R1 , 3 , 1.75 ," 1,540.00 "," 1,926 ", 1.00 , 97.40 
155000,166981,155000, 84 ," 68,506 "," 5325 Sumner St, Lincoln, NE 68506 ",, R1 , 3 , 1.75 ," 1,118.00 "," 1,961 ", 1.00 , 138.64 
141000,151899,145000, 56 ," 68,516 "," 5324 S 39 St, Lincoln, NE 68516 ",, R1 , 3 , 1.75 ," 1,122.00 "," 1,974 ", 2.00 , 125.67 
137500,148129,137500, 32 ," 68,526 "," 6953 Naples Ct, Lincoln, NE 68526 ",, R1 , 3 , 2.25 ," 1,739.00 "," 2,004 ", 2.00 , 79.07 
129900,139941,129900, 37 ," 68,521 "," 5421 Homestead Ct, Lincoln, NE 68521 ",, R1 , 2 , 2.75 ," 1,058.00 "," 1,984 ", 2.00 , 122.78 
128000,137894,135000, 70 ," 68,503 "," 3743 W St, Lincoln, NE 68503 ",, R1 , 3 , 1.75 , 960.00 ," 1,920 ", -   , 133.33 
157000,169136,155000, 33 ," 68,516 "," 4620 S 44th St, Lincoln, NE 68516 ",, R1 , 4 , 1.75 ," 1,308.00 "," 1,962 ", 2.00 , 120.03 
130000,140049,124999, 42 ," 68,510 "," 611 S 45 St, Lincoln, NE 68510 ",, R1 , 2 , 1.75 , 891.00 ," 1,946 ", 1.00 , 145.90 
129900,139941,129900, 49 ," 68,504 "," 3026 N 49th St, Lincoln, NE 68504 ",, R1 , 3 , 2.00 ," 1,248.00 "," 1,926 ", 2.00 , 104.09 
135000,145435,135000, 15 ," 68,502 "," 2517 Woods Blvd, Lincoln, NE 68502 ",, R1 , 3 , 2.00 ," 1,052.00 "," 1,959 ", 1.00 , 128.33 
140000,150822,140000, 120 ," 68,512 "," 2600 County Down Ct, Lincoln, NE 68512 ",, R1 , 2 , 1.75 , 816.00 ," 1,967 ", 1.00 , 171.57 
112502,121198,107900, 46 ," 68,521 "," 1030 Groveland St, Lincoln, NE 68521 ",, R1 , 2 , 1.00 , 750.00 ," 1,976 ", 1.00 , 150.00 
118000,127121,123900, 46 ," 68,506 "," 3534 Everett, Lincoln, NE 68506 ",, R1 , 2 , 1.75 ," 1,106.00 "," 1,927 ", -   , 106.69 
124500,134124,128000, 42 ," 68,510 "," 8320 N Hazelwood Dr, Lincoln, NE 68510 ",, R1 , 2 , 1.00 , 840.00 ," 1,969 ", 1.00 , 148.21 
50000,53865,49900, 49 ," 68,502 "," 1825 Sumner St, Lincoln, NE 68502 ",, R1 , 2 , 1.00 , 880.00 ," 1,900 ", -   , 56.82 
146500,157824,146500, 57 ," 68,502 "," 1800 Otoe St, Lincoln, NE 68502 ",, R1 , 2 , 1.25 , 973.00 ," 1,944 ", 2.00 , 150.57 
40000,43092,42000, 44 ," 68,502 "," 1233 S 10th St, Lincoln, NE 68502 ",, R1 , 2 , 1.00 ," 1,008.00 "," 1,915 ", -   , 51.02 
166000,178832,169900, 44 ," 68,516 "," 5540 Buffalo Cir, Lincoln, NE 68516 ",, R1 , 3 , 2.00 ," 1,232.00 "," 1,986 ", 2.00 , 134.74 
135000,145435,138000, 47 ," 68,505 "," 7550 Starr St, Lincoln, NE 68505 ",, R1 , 4 , 1.50 ," 1,536.00 "," 1,960 ", 1.00 , 87.89 
135500,145974,134900, 52 ," 68,516 "," 5901 S 52nd St, Lincoln, NE 68516 ",, R1 , 3 , 1.50 , 952.00 ," 1,986 ", 1.00 , 142.33 
157000,169136,159900, 39 ," 68,521 "," 4415 Lewis Ave, Lincoln, NE 68521 ",, R1 , 3 , 1.75 ," 1,026.00 "," 1,962 ", 2.00 , 153.02 
132000,142203,129900, 56 ," 68,505 "," 6031 Lexington, Lincoln, NE 68505 ",, R1 , 4 , 2.00 ," 1,578.00 "," 1,962 ", 1.00 , 121.66 
130000,140049,139900, 30 ," 68,510 "," 7200 Wedgewood Dr, Lincoln, NE 68510 ",, R1 , 3 , 2.25 ," 1,292.00 "," 1,961 ", 1.00 , 100.62 
147900,159332,147900, 51 ," 68,521 "," 1620 Vale Cir, Lincoln, NE 68521 ",, R1 , 3 , 1.75 ," 1,080.00 "," 1,977 ", 1.00 , 136.94 
93000,100189,93000, 9 ," 68,521 "," 5443 Enterprise Dr, Lincoln, NE 68521 ",, R1 , 2 , 1.75 ," 1,176.00 "," 1,979 ", 1.00 , 79.08 
126000,135740,125000, 27 ," 68,522 "," 1820 W Jean Ave, Lincoln, NE 68522 ",, R1 , 3 , 1.00 ," 1,099.00 "," 1,985 ", 2.00 , 114.65 
104000,112039,102500, 118 ," 68,503 "," 1637 N 23 St, Lincoln, NE 68503 ",, R1 , 4 , 1.75 , 864.00 ," 1,910 ", 2.00 , 120.37 
122500,131969,125000, 45 ," 68,507 "," 3111 N 60th St, Lincoln, NE 68507 ",, R1 , 2 , 1.50 , 775.00 ," 1,950 ", 2.50 , 158.06 
86500,93186,87500, 46 ," 68,504 "," 4147 N 45th St, Lincoln, NE 68504 ",, R1 , 2 , 1.50 ," 1,074.00 "," 1,978 ", 1.00 , 80.24 
123500,133046,119900, 49 ," 68,503 "," 4110 X St, Lincoln, NE 68503 ",, R1 , 2 , 1.00 , 975.00 ," 1,958 ", 1.00 , 126.67 
149000,160518,149900, 74 ," 68,528 "," 2041 NW 53rd St, Lincoln, NE 68528 ",, R1 , 3 , 1.75 ," 1,080.00 "," 2,002 ", 2.00 , 92.66 
115000,123889,115000, 50 ," 68,504 "," 3230 N 56th St, Lincoln, NE 68504 ",, R1 , 2 , 2.00 ," 1,096.00 "," 1,952 ", 1.00 , 104.93 
101500,109346,101500, 49 ," 68,524 "," 5511 W kingley, Lincoln, NE 68524 ",, R1 , 4 , 1.00 ," 1,375.00 "," 1,955 ", 2.50 , 73.82 
118349,127497,118349, 81 ," 68,506 "," 7221 Old Post Rd #16, Lincoln, NE 68506 ",, R1 , 1 , 1.50 , 986.00 ," 1,968 ", 1.00 , 120.03 
80000,86184,77000, 67 ," 68,502 "," 917 Plum St, Lincoln, NE 68502 ",, R1 , 2 , 1.00 , 914.00 ," 1,920 ", 1.00 , 87.53 
125500,135201,125500, 49 ," 68,502 "," 2237 Ryons St, Lincoln, NE 68502 ",, R1 , 2 , 1.75 ," 1,068.00 "," 1,920 ", 1.00 , 117.51 
108000,116348,110000, 50 ," 68,512 "," 4831 Tipperary Trl, Lincoln, NE 68512 ",, R1 , 2 , 1.50 , 840.00 ," 1,971 ", 1.00 , 128.57 
30500,32858,26900, 57 ," 68,510 "," 3340 C St, Lincoln, NE 68510 ",, R1 , 3 , 1.00 ," 1,159.00 "," 1,930 ", 1.00 , 26.32 
148000,159440,152000, 77 ," 68,510 "," 3830 F St, Lincoln, NE 68510 ",, R1 , 3 , 1.75 ," 1,177.00 "," 1,955 ", 1.00 , 125.74 
160000,172368,164000, 96 ," 68,510 "," 924 Mulder Dr, Lincoln, NE 68510 ",, R1 , 3 , 2.25 ," 1,524.00 "," 1,956 ", 2.00 , 104.99 
